Depredador_nodo,Depredador_reportado,Presa_reportada,Fuente de evidencia,Referencia,Presa_checklist,Confiabilidad de la interacción,Comentarios/Observaciones
Aegla neuquensis,Aegla uruguayana,Macrophytas,Indirecta,Burress et al 2013,,,
Aegla neuquensis,Aegla uruguayana,Detritus,Indirecta,Burress et al 2013,,,
Aegla neuquensis,Aegla uruguayana,Hydropsychidae,Indirecta,Burress et al 2013,,,
Aegla neuquensis,Aegla neuquensis,Phylloicus ,Indirecta,Cerezer et al 2016,,,
Aegla neuquensis,Aegla grisella/singularis,Astyanax fasciatus,Directa,Savaris et al 2012,Carroña,Media,Los peces estaban muertos
Aegla neuquensis,Aegla grisella/singularis,Crenicichla ,Directa,Savaris et al 2012,Carroña,Media,Los peces estaban muertos
Aegla neuquensis,Aegla platensis/ligulata,Algae,Directa,Bueno et al 2004,Algae,Alta,
Aegla neuquensis,Aegla platensis/ligulata,Plant debris,Directa,Bueno et al 2004,Detritus,Alta,
Aegla neuquensis,Aegla platensis/ligulata,Porifera,Directa,Bueno et al 2004,,,
Aegla neuquensis,Aegla platensis/ligulata,Metacercariae,Directa,Bueno et al 2004,,,
Aegla neuquensis,Aegla platensis/ligulata,Planariidae,Directa,Bueno et al 2004,Platyhelminthes,Media,
Aegla neuquensis,Aegla platensis/ligulata,Gastropoda,Directa,Bueno et al 2004,Chilina,Baja,
Aegla neuquensis,Aegla platensis/ligulata,Coleoptera,Directa,Bueno et al 2004,Insecta_larvae,Alta,
Aegla neuquensis,Aegla platensis/ligulata,Diptera,Directa,Bueno et al 2004,Insecta_larvae,Alta,
Aegla neuquensis,Aegla platensis/ligulata,Ephemeroptera,Directa,Bueno et al 2004,Insecta_larvae,Alta,
Aegla neuquensis,Aegla platensis/ligulata,Hemiptera,Directa,Bueno et al 2004,Insecta_larvae,Alta,
Aegla neuquensis,Aegla platensis/ligulata,Lepidoptera,Directa,Bueno et al 2004,Insecta_larvae,Alta,
Aegla neuquensis,Aegla platensis/ligulata,Plecoptera,Directa,Bueno et al 2004,Insecta_larvae,Alta,
Aegla neuquensis,Aegla platensis/ligulata,Trichoptera,Directa,Bueno et al 2004,Insecta_larvae,Alta,
Aegla neuquensis,Aegla platensis/ligulata,Hyalellidae,Directa,Bueno et al 2004,Insecta_larvae,Alta,
Aegla neuquensis,Aegla platensis/ligulata,Aeglidae,Directa,Bueno et al 2004,Aegla neuquensis,Media,
Aegla neuquensis,Aegla platensis/ligulata,Scales,Directa,Bueno et al 2004,,,
Aegla neuquensis,Aegla platensis/ligulata,Sand,Directa,Bueno et al 2004,,,
Aegla neuquensis,Aegla uruguayensis,VER TABLA,Directa,Williner 2010,,,
Aegla neuquensis,Aegla camargoi/leptodactyla,Macrophytas,Directa,Castro-Souza & Bond-Buckup 2004,Vegetacion_subacuatica,Alta,
Aegla neuquensis,Aegla camargoi/leptodactyla,Ephemeroptera,Directa,Castro-Souza & Bond-Buckup 2004,Insecta_larvae,Alta,
Aegla neuquensis,Aegla camargoi/leptodactyla,Trichoptera,Directa,Castro-Souza & Bond-Buckup 2004,Insecta_larvae,Alta,
Aegla neuquensis,Aegla camargoi/leptodactyla,Coleoptera,Directa,Castro-Souza & Bond-Buckup 2004,Insecta_larvae,Alta,
Aegla neuquensis,Aegla camargoi/leptodactyla,Diptera,Directa,Castro-Souza & Bond-Buckup 2004,Insecta_larvae,Alta,
Aegla neuquensis,Aegla longirostri,Plant tissue,Directa,Santos et al 2008,Vegetacion_subacuatica,Alta,
Aegla neuquensis,Aegla longirostri,Sediment,Directa,Santos et al 2008,Detritus,Alta,
Aegla neuquensis,Aegla longirostri,Insecta,Directa,Santos et al 2008,Insecta_larvae,Alta,
Aegla neuquensis,Aegla longirostri,Mollusc shells,Directa,Santos et al 2008,Chilina,Baja,
Aegla neuquensis,Aegla longirostri,Aegla carapace,Directa,Santos et al 2008,Aegla neuquensis,Baja,
Aegla neuquensis,Aegla longirostri,Fish scale,Directa,Santos et al 2008,,,
Aegla neuquensis,Aegla longirostri,Diptera larvae,Directa,Santos et al 2008,Insecta_larvae,Alta,
Aegla neuquensis,Aegla platensis,Chironomidae,Experimental,Colpo et al 2012,Insecta_larvae,Alta,
Aegla neuquensis,Aegla platensis,Simullidae,Experimental,Colpo et al 2012,Insecta_larvae,Alta,
Aegla neuquensis,Aegla platensis,Hydropsychidae,Experimental,Colpo et al 2012,Insecta_larvae,Alta,
Aegla neuquensis,Aegla platensis,Casearia sylvestris,Experimental,Colpo et al 2012,Vegetacion_costera,Baja,
Aegla neuquensis,Aegla laevis,Leached leaves,Experimental,Burns 1972,Detritus,Alta,
Aegla neuquensis,Aegla laevis,Algae,Experimental,Burns 1972,Algae,Alta,
Aegla neuquensis,Aegla laevis,Salmo sp.,Experimental,Burns 1972,Salmo trutta,Baja,
Aegla neuquensis,Aegla laevis,Gambusia sp.,Experimental,Burns 1972,Odontesthes hatcheri_juvenile,Baja,
Aegla neuquensis,Aegla laevis,Oligochaeta,Experimental,Burns 1972,Oligochaeta,Baja,
Aegla neuquensis,Aegla laevis,Amphibia (tadpoles),Experimental,Burns 1972,Rhinella arenarum_juvenile,Baja,
Aegla neuquensis,Aegla laevis,Amphibia (tadpoles),Experimental,Burns 1972,Pleurodema bufoni_juvenile,Baja,
Aegla neuquensis,Aegla laevis,Ephemeroptera,Experimental,Burns 1972,Insecta_larvae,Alta,
Aegla neuquensis,Aegla laevis,Plecoptera,Experimental,Burns 1972,Insecta_larvae,Alta,
Aegla neuquensis,Aegla laevis,Diptera,Experimental,Burns 1972,Insecta_larvae,Alta,
Anser anser,Anser anser,Hierbas y brotes,Especialista,Aplicacion Aves Argentinas,Vegetacion_costera,,
Anser anser,Anser anser,Raices y bulbos,Especialista,Aplicacion Aves Argentinas,Vegetacion_costera,,
Aves_carroñeras,Cathartes aura,Carroña,Especialista,Aplicacion Aves Argentinas,Carroña,,
Aves_carroñeras,Coragyps atratus,Carroña,Especialista,Aplicacion Aves Argentinas,Carroña,,
Aves_carroñeras,Macronectes giganteus,Carroña,Especialista,Aplicacion Aves Argentinas,Carroña,,
Aves_carroñeras,Milvago chimango,Carroña,Especialista,Aplicacion Aves Argentinas,Carroña,,
Aves_carroñeras,Milvago chimango,Insectos terrestres,Especialista,Aplicacion Aves Argentinas,Insecta_terrestrial adult,,
Aves_carroñeras,Milvago chimango,Huevos y pichones de aves,Especialista,Aplicacion Aves Argentinas,,,
Aves_cazadoras,Aves_cazadoras,Aegla neuquensis,Directa,De Tomasso,Aegla neuquensis,Alta,
Aves_cazadoras,Aves_cazadoras,Cyrtograpsus angulatus,Estimada,Sanchez et al 2008,Cyrtograpsus angulatus,Alta,
Aves_cazadoras,Athene cunicularia,"Escarabajos, grillos y otros insectos",Especialista,Aplicacion Aves Argentinas,Insecta_terrestrial adult,,
Aves_cazadoras,Athene cunicularia,Cangrejos,Especialista,Aplicacion Aves Argentinas,Cyrtograpsus angulatus,,
Aves_cazadoras,Athene cunicularia,Cangrejos,Especialista,Aplicacion Aves Argentinas,Algae,,
Aves_cazadoras,Athene cunicularia,Pequeños reptiles y anfibios,Especialista,Aplicacion Aves Argentinas,Lagartijas,,
Aves_cazadoras,Athene cunicularia,Pequeños reptiles y anfibios,Especialista,Aplicacion Aves Argentinas,Rhinella arenarum_adult,,
Aves_cazadoras,Athene cunicularia,Pequeños reptiles y anfibios,Especialista,Aplicacion Aves Argentinas,Pleurodema bufoni_adult,,
Aves_cazadoras,Athene cunicularia,Pequeños roedores,Especialista,Aplicacion Aves Argentinas,Roedores,,
Aves_cazadoras,Athene cunicularia,Aves (ocasionalmente),Especialista,Aplicacion Aves Argentinas,Passeriformes,,
Aves_cazadoras,Falco peregrinus,Passeriformes a cauquenes,Especialista,Aplicacion Aves Argentinas,Passeriformes,,
Aves_cazadoras,Falco peregrinus,Patos,Especialista,Aplicacion Aves Argentinas,Patos,,
Aves_cazadoras,Falco peregrinus,Aves terrestres,Especialista,Aplicacion Aves Argentinas,Aves_terrestres,,
Aves_cazadoras,Falco peregrinus,Cauquenes,Especialista,Aplicacion Aves Argentinas,Cauquenes,,
Aves_cazadoras,Falco peregrinus,Palomas,Especialista,Aplicacion Aves Argentinas,Aves_terrestres,,
Aves_cazadoras,Falco peregrinus,Loros,Especialista,Aplicacion Aves Argentinas,Loros,,
Aves_cazadoras,Falco peregrinus,Gaviotines,Especialista,Aplicacion Aves Argentinas,Gaviotines,,
Aves_cazadoras,Falco peregrinus,Murciélagos,Especialista,Aplicacion Aves Argentinas,Murcielagos,,
Aves_cazadoras,Falco peregrinus,Conejos y roedores,Especialista,Aplicacion Aves Argentinas,Roedores,,
Aves_cazadoras,Falco peregrinus,Conejos y roedores,Especialista,Aplicacion Aves Argentinas,Lepus europaeus,,
Aves_cazadoras,Falco peregrinus,Reptiles,Especialista,Aplicacion Aves Argentinas,Lagartijas,,
Aves_cazadoras,Falco peregrinus,Insectos terrestres,Especialista,Aplicacion Aves Argentinas,Insecta_terrestrial adult,,
Aves_cazadoras,Falco sparverius,Insectos terrestres,Especialista,Aplicacion Aves Argentinas,Insecta_terrestrial adult,,
Aves_cazadoras,Falco sparverius,Pequeños mamíferos,Especialista,Aplicacion Aves Argentinas,Roedores,,
Aves_cazadoras,Falco sparverius,Pequeñas aves,Especialista,Aplicacion Aves Argentinas,Passeriformes,,
Aves_cazadoras,Falco sparverius,Anfibios,Especialista,Aplicacion Aves Argentinas,Rhinella arenarum_adult,,
Aves_cazadoras,Falco sparverius,Anfibios,Especialista,Aplicacion Aves Argentinas,Pleurodema bufoni_adult,,
Aves_cazadoras,Parabuteo unicinctus,"Mamíferos medianos (cuises, liebres, ratones)",Especialista,Aplicacion Aves Argentinas,Roedores,,
Aves_cazadoras,Parabuteo unicinctus,"Mamíferos medianos (cuises, liebres, ratones)",Especialista,Aplicacion Aves Argentinas,Lepus europaeus,,
Aves_cazadoras,Parabuteo unicinctus,"Palomas, inambúes y otras aves",Especialista,Aplicacion Aves Argentinas,Aves_terrestres,,
Aves_cazadoras,Parabuteo unicinctus,Reptiles,Especialista,Aplicacion Aves Argentinas,Lagartijas,,
Aves_cazadoras,Parabuteo unicinctus,Anfibios,Especialista,Aplicacion Aves Argentinas,Rhinella arenarum_adult,,
Aves_cazadoras,Parabuteo unicinctus,Anfibios,Especialista,Aplicacion Aves Argentinas,Pleurodema bufoni_adult,,
Aves_cazadoras,Parabuteo unicinctus,Insectos terrestres,Especialista,Aplicacion Aves Argentinas,Insecta_terrestrial adult,,
Aves_cazadoras,Bubo magellanicus,"Pequeños mamíferos (ratones, cuises, liebres, conejos)",Especialista,Aplicacion Aves Argentinas,Roedores,,
Aves_cazadoras,Bubo magellanicus,"Pequeños mamíferos (ratones, cuises, liebres, conejos)",Especialista,Aplicacion Aves Argentinas,Lepus europaeus,,
Aves_cazadoras,Bubo magellanicus,Insectos terrestres,Especialista,Aplicacion Aves Argentinas,Insecta_terrestrial adult,,
Aves_cazadoras,Bubo magellanicus,Aves (ocasionalmente),Especialista,Aplicacion Aves Argentinas,Passeriformes,,
Aves_cazadoras,Bubo magellanicus,Reptiles (ocasionalmente),Especialista,Aplicacion Aves Argentinas,Lagartijas,,
Aves_cazadoras,Circus cinereus,Passeriformes,Especialista,Aplicacion Aves Argentinas,Passeriformes,,
Aves_cazadoras,Circus cinereus,Roedores pequeños,Especialista,Aplicacion Aves Argentinas,Roedores,,
Aves_cazadoras,Circus cinereus,Anfibios,Especialista,Aplicacion Aves Argentinas,Rhinella arenarum_adult,,
Aves_cazadoras,Circus cinereus,Anfibios,Especialista,Aplicacion Aves Argentinas,Pleurodema bufoni_adult,,
Aves_cazadoras,Circus cinereus,Insectos y arácnidos,Especialista,Aplicacion Aves Argentinas,Insecta_terrestrial adult,,
Aves_cazadoras,Tyto alba,Ratones pequeños,Especialista,Aplicacion Aves Argentinas,Roedores,,
Aves_cazadoras,Tyto alba,Comadrejitas,Especialista,Aplicacion Aves Argentinas,Roedores,,
Aves_cazadoras,Tyto alba,Murciélagos,Especialista,Aplicacion Aves Argentinas,Murcielagos,,
Aves_terrestres,Callipepla californica,"Semillas, frutos y bayas",Especialista,Aplicacion Aves Argentinas,Vegetacion_costera,,
Aves_terrestres,Callipepla californica,Insectos terrestres,Especialista,Aplicacion Aves Argentinas,Insecta_terrestrial adult,,
Aves_terrestres,Callipepla californica,Pequeños caracoles,Especialista,Aplicacion Aves Argentinas,Chilina,,
Aves_terrestres,Theristicus melanopis,Insectos,Especialista,Aplicacion Aves Argentinas,,,
Aves_terrestres,Theristicus melanopis,Lombrices,Especialista,Aplicacion Aves Argentinas,,,
Aves_terrestres,Theristicus melanopis,Orugas,Especialista,Aplicacion Aves Argentinas,,,
Aves_terrestres,Theristicus melanopis,Ranas,Especialista,Aplicacion Aves Argentinas,,,
Aves_terrestres,Theristicus melanopis,Renacuajos,Especialista,Aplicacion Aves Argentinas,,,
Aves_terrestres,Theristicus melanopis,Caracoles,Especialista,Aplicacion Aves Argentinas,,,
Aves_terrestres,Theristicus melanopis,Mejillones,Especialista,Aplicacion Aves Argentinas,,,
Aves_terrestres,Theristicus melanopis,Huevos de aves,Especialista,Aplicacion Aves Argentinas,,,
Aves_terrestres,Theristicus melanopis,Carroña,Especialista,Aplicacion Aves Argentinas,,,
Belostoma bifovelatum,Belostoma oxyurum,Rhinella arenarum tadpoles,Directa,Melo 2009,Rhinella arenarum_juvenile,Media,
Belostoma bifovelatum,Belostoma sp.,Freshwater snails,Directa,Turner et al 2007,Chilina,Baja,
Belostoma bifovelatum,Belostoma sp.,Helisoma trivolvis,Directa,Gunn et al 2021,Chilina,Media,
Belostoma bifovelatum, Belostoma oxyurum,Aedes aegypti,Directa,Perez Goodwyn 2001,,,
Belostoma bifovelatum,Belostoma bifovelatum,Pleurodema thaul tadpoles,Directa,Jara 2019,Rhinella arenarum_juvenile,,
Belostoma bifovelatum,Belostoma sp.,Rana palmipes tadpoles,Inferida,McIntyre et al 2004,Rhinella arenarum_juvenile,Baja,
Belostoma bifovelatum,Belostoma sp.,Agalychnis callidryas tadpoles,Directa,Touchon et al 2013,,,
Cauquenes,Cauquenes,Macrófitas (pastos cortos),Especialista,Harris 2008,Vegetacion_costera,Baja,
Cauquenes,Chloephaga picta,Pastos tiernos,Especialista,Aplicacion Aves Argentinas,Vegetacion_costera,,
Cauquenes,Chloephaga picta,"Hojas, tallos y semillas",Especialista,Aplicacion Aves Argentinas,Vegetacion_costera,,
Cauquenes,Chloephaga poliocephala,Pastos tiernos,Especialista,Aplicacion Aves Argentinas,Vegetacion_costera,,
Cauquenes,Chloephaga poliocephala,"Hojas, tallos y semillas",Especialista,Aplicacion Aves Argentinas,Vegetacion_costera,,
Chilina,Chilina dombeiana,Fragilaria capuchina,Directa,Villanueva et al 2004,Perifiton,Alta,
Chilina,Chilina dombeiana,Naivcula sp 1,Directa,Villanueva et al 2004,Perifiton,Alta,
Chilina,Chilina dombeiana,Achnanthes pusilla,Directa,Villanueva et al 2004,Perifiton,Alta,
Chilina,Chilina parchappii,Diatoms,Directa,Estebenet et al 2002,Perifiton,,
Chilina,Chilina dombeiana,Nitzschia linearis,Directa,Villanueva et al 2004,Perifiton,,
Chorlos y playeros,Vanellus chilensis,Insectos,Especialista,Aplicacion Aves Argentinas,Insecta_terrestrial adult,,
Chorlos y playeros,Vanellus chilensis,Lombrices,Especialista,Aplicacion Aves Argentinas,Oligochaeta,,
Chorlos y playeros,Vanellus chilensis,Peces pequeños,Especialista,Aplicacion Aves Argentinas,,,
Chorlos y playeros,Vanellus chilensis,Larvas de insectos,Especialista,Aplicacion Aves Argentinas,Insecta_larvae,,
Chorlos y playeros,Phalaropus tricolor,Invertebrados acuaticos nadadores,Especialista,Aplicacion Aves Argentinas,Insecta_aquatic adult,,
Chorlos y playeros,Phalaropus tricolor,Invertebrados acuaticos nadadores,Especialista,Aplicacion Aves Argentinas,Insecta_larvae,,
Chorlos y playeros,Himantopus mexicanus,Larvas de insectos,Especialista,Aplicacion Aves Argentinas,Insecta_larvae,,
Chorlos y playeros,Himantopus mexicanus,Insectos acuáticos,Especialista,Aplicacion Aves Argentinas,Insecta_aquatic adult,,
Chorlos y playeros,Himantopus mexicanus,Crustáceos pequeños,Especialista,Aplicacion Aves Argentinas,Amphipoda,,
Chorlos y playeros,Himantopus mexicanus,Semillas (ocasionalmente),Especialista,Aplicacion Aves Argentinas,Vegetacion_costera,,
Chorlos y playeros,Calidris fuscicollis,Annelida,Especialista,Aplicacion Aves Argentinas,Oligochaeta,,
Chorlos y playeros,Calidris fuscicollis,Insectos,Especialista,Aplicacion Aves Argentinas,Insecta_terrestrial adult,,
Chorlos y playeros,Calidris fuscicollis,Crustáceos pequeños,Especialista,Aplicacion Aves Argentinas,Amphipoda,,
Chorlos y playeros,Limosa haemastica,Larvas de insectos,Especialista,Aplicacion Aves Argentinas,Insecta_larvae,,
Chorlos y playeros,Limosa haemastica,Molluscos pequeños,Especialista,Aplicacion Aves Argentinas,Chilina,,
Chorlos y playeros,Limosa haemastica,Crustáceos pequeños,Especialista,Aplicacion Aves Argentinas,Amphipoda,,
Chorlos y playeros,Tringa flavipes,Insectos acuáticos,Especialista,Aplicacion Aves Argentinas,Insecta_aquatic adult,,
Chorlos y playeros,Tringa flavipes,Crustáceos pequeños,Especialista,Aplicacion Aves Argentinas,Amphipoda,,
Chorlos y playeros,Tringa melanoleuca,Insectos acuáticos,Especialista,Aplicacion Aves Argentinas,Insecta_aquatic adult,,
Chorlos y playeros,Tringa melanoleuca,Crustáceos pequeños,Especialista,Aplicacion Aves Argentinas,,,
Cisnes,Cisnes,Plantas acuaticas,Especialista,Harris 2008,Vegetacion_subacuatica,Baja,
Cisnes,Coscoroba coscoroba,"Hojas, tallos y semillas",Especialista,Aplicacion Aves Argentinas,,,
Cisnes,Coscoroba coscoroba,Algas,Especialista,Aplicacion Aves Argentinas,,,
Cisnes,Coscoroba coscoroba,Huevos de peces,Especialista,Aplicacion Aves Argentinas,,,
Cisnes,Coscoroba coscoroba,Invertebrados acuaticos,Especialista,Aplicacion Aves Argentinas,,,
Cisnes,Cygnus melancoryphus,Algas,Especialista,Aplicacion Aves Argentinas,,,
Cisnes,Cygnus melancoryphus,Plantas acuáticas,Especialista,Aplicacion Aves Argentinas,,,
Cisnes,Cygnus melancoryphus,Insectos,Especialista,Aplicacion Aves Argentinas,,,
Cormoranes,Cormoranes,Rhinella arenarum_adult,Especialista,N. Basso pers. comm.,Rhinella arenarum_adult,Alta,
Cormoranes,Phalacrocorax atriceps,Peces,Especialista,Aplicacion Aves Argentinas,,,
Cormoranes,Phalacrocorax atriceps,Crustáceos,Especialista,Aplicacion Aves Argentinas,,,
Cormoranes,Phalacrocorax brasilianus,Peces,Especialista,Aplicacion Aves Argentinas,,,
Cormoranes,Phalacrocorax brasilianus,Crustáceos,Especialista,Aplicacion Aves Argentinas,,,
Cormoranes,Phalacrocorax brasilianus,Anfibios,Especialista,Aplicacion Aves Argentinas,,,
Cormoranes,Phalacrocorax brasilianus,Insectos acuáticos,Especialista,Aplicacion Aves Argentinas,,,
Cyrtograpsus angulatus,Cyrtograpsus angulatus,Rupia maritima,Directa,Capitoli et al 1993,Vegetacion_subacuatica,Media,
Cyrtograpsus angulatus,Cyrtograpsus angulatus,Foraminifera,Directa,Capitoli et al 1993,Perifiton,Media,
Cyrtograpsus angulatus,Cyrtograpsus angulatus,Vegetales,Directa,Capitoli et al 1993,Vegetacion_subacuatica,Alta,
Cyrtograpsus angulatus,Cyrtograpsus angulatus,Heleobia australis,Directa,Capitoli et al 1993,Chilina,Media,
Cyrtograpsus angulatus,Cyrtograpsus angulatus,Eredona mactroides,Directa,Capitoli et al 1993,Corbicula,Media,
Cyrtograpsus angulatus,Cyrtograpsus angulatus,Cerdas,Directa,Capitoli et al 1993,,,
Cyrtograpsus angulatus,Cyrtograpsus angulatus,Peracarida,Directa,Capitoli et al 1993,Amphipoda,Alta,
Cyrtograpsus angulatus,Cyrtograpsus angulatus,Insecta,Directa,Capitoli et al 1993,,,
Cyrtograpsus angulatus,Cyrtograpsus angulatus,Acaros,Directa,Capitoli et al 1993,,,
Cyrtograpsus angulatus,Cyrtograpsus angulatus,Laeonereis cuvieri,Directa,Capitoli et al 1993,Oligochaeta,Alta,
Cyrtograpsus angulatus,Cyrtograpsus angulatus,Cyprideis multidentata,Directa,Capitoli et al 1993,Zooplancton,Alta,
Cyrtograpsus angulatus,Cyrtograpsus angulatus,Kalliapseudes schubartii,Directa,Capitoli et al 1993,Amphipoda,Alta,
Cyrtograpsus angulatus,Cyrtograpsus angulatus,Tanais stanfordi,Directa,Capitoli et al 1993,Amphipoda,Alta,
Cyrtograpsus angulatus,Cyrtograpsus angulatus,Cyrtograpsus angulatus,Directa,Luppi et al 2002,Cyrtograpsus angulatus,Alta,
Cyrtograpsus angulatus,Cyrtograpsus angulatus,Cyrtograpsus angulatus,Directa,Luppi et al 2001,Cyrtograpsus angulatus,Alta,
Cyrtograpsus angulatus,Cyrtograpsus angulatus,Algae,Directa,Schwindt et al 2001,Algae,Alta,
Cyrtograpsus angulatus,Cyrtograpsus angulatus,Foraminifera,Directa,Schwindt et al 2001,Algae,Alta,
Cyrtograpsus angulatus,Cyrtograpsus angulatus,Eggs of Cyrtograpsus angulatus,Directa,Schwindt et al 2001,Cyrtograpsus angulatus,Alta,
Cyrtograpsus angulatus,Cyrtograpsus angulatus,Nematoda,Directa,Schwindt et al 2001,Nematoda,Alta,
Cyrtograpsus angulatus,Cyrtograpsus angulatus,Neanthes succinea,Directa,Schwindt et al 2001,Oligochaeta,Baja,
Cyrtograpsus angulatus,Cyrtograpsus angulatus,Nephtys fluviatilis,Directa,Schwindt et al 2001,Oligochaeta,Baja,
Cyrtograpsus angulatus,Cyrtograpsus angulatus,Laeonereis acuta,Directa,Schwindt et al 2001,Oligochaeta,Baja,
Cyrtograpsus angulatus,Cyrtograpsus angulatus,Heleobia conexa,Directa,Schwindt et al 2001,Chilina,Baja,
Cyrtograpsus angulatus,Cyrtograpsus angulatus,Ostracoda,Directa,Schwindt et al 2001,Zooplancton,Alta,
Cyrtograpsus angulatus,Cyrtograpsus angulatus,Diptera larvae,Directa,Schwindt et al 2001,Insecta_larvae,Alta,
Cyrtograpsus angulatus,Cyrtograpsus angulatus,Plant debris,Directa,Schwindt et al 2001,Detritus,Alta,
Diplomystes mesembrinus,Diplomystes sp.,Annelids,Especialista,Lundberg et al 2004,Oligochaeta,Media,
Diplomystes mesembrinus,Diplomystes sp.,Molluscs,Especialista,Lundberg et al 2004,Chilina,Media,
Diplomystes mesembrinus,Diplomystes sp.,Arthropoda,Especialista,Lundberg et al 2004,Insecta_larvae,Media,
Diplomystes mesembrinus,Diplomystes sp.,Sialidae,Directa,Beltrán-Concha et al 2012,Insecta_larvae,Media,La dieta refiere a Diplomystes de Chile
Diplomystes mesembrinus,Diplomystes sp.,Leptophlebiidae,Directa,Beltrán-Concha et al 2012,Insecta_larvae,Media,La dieta refiere a Diplomystes de Chile
Diplomystes mesembrinus,Diplomystes sp.,Gastropoda,Directa,Beltrán-Concha et al 2012,Chilina,Baja,La dieta refiere a Diplomystes de Chile
Diplomystes mesembrinus,Diplomystes sp.,Baetidae,Directa,Beltrán-Concha et al 2012,Insecta_larvae,Media,La dieta refiere a Diplomystes de Chile
Diplomystes mesembrinus,Diplomystes sp.,Carabidae,Directa,Beltrán-Concha et al 2012,Insecta_larvae,Media,La dieta refiere a Diplomystes de Chile
Diplomystes mesembrinus,Diplomystes sp.,Nematomorpha,Directa,Beltrán-Concha et al 2012,,,La dieta refiere a Diplomystes de Chile
Diplomystes mesembrinus,Diplomystes sp.,Chironomidae,Directa,Beltrán-Concha et al 2012,Insecta_larvae,Media,La dieta refiere a Diplomystes de Chile
Diplomystes mesembrinus,Diplomystes sp.,Simulidae,Directa,Beltrán-Concha et al 2012,Insecta_larvae,Media,La dieta refiere a Diplomystes de Chile
Diplomystes mesembrinus,Diplomystes sp.,Hydrobiosidae,Directa,Beltrán-Concha et al 2012,Insecta_larvae,Media,La dieta refiere a Diplomystes de Chile
Diplomystes mesembrinus,Diplomystes sp.,Helicophidae,Directa,Beltrán-Concha et al 2012,Insecta_larvae,Media,La dieta refiere a Diplomystes de Chile
Diplomystes mesembrinus,Diplomystes sp.,Aegla sp.,Directa,Beltrán-Concha et al 2012,Aegla neuquensis,Media,La dieta refiere a Diplomystes de Chile
Diplomystes mesembrinus,Diplomystes sp.,Hydroptilidae,Directa,Beltrán-Concha et al 2012,Insecta_larvae,Media,La dieta refiere a Diplomystes de Chile
Diplomystes mesembrinus,Diplomystes sp.,Diamophipnoidae,Directa,Beltrán-Concha et al 2012,Insecta_larvae,Media,La dieta refiere a Diplomystes de Chile
Diplomystes mesembrinus,Diplomystes sp.,Plecoptera,Directa,Beltrán-Concha et al 2012,Insecta_larvae,Media,La dieta refiere a Diplomystes de Chile
Diplomystes mesembrinus,Diplomystes sp.,Tipulidae,Directa,Beltrán-Concha et al 2012,Insecta_larvae,Media,La dieta refiere a Diplomystes de Chile
Diplomystes mesembrinus,Diplomystes sp.,Elmidae,Directa,Beltrán-Concha et al 2012,Insecta_larvae,Media,La dieta refiere a Diplomystes de Chile
Diplomystes mesembrinus,Olivaichthys viedmensis,Chironomidae (larvae),Directa,Ferriz 1994,Insecta_larvae,Media,
Diplomystes mesembrinus,Olivaichthys viedmensis,Ephemeroptera (nymph),Directa,Ferriz 1994,Insecta_larvae,Media,
Diplomystes mesembrinus,Olivaichthys viedmensis,Trichoptera (larvae),Directa,Ferriz 1994,Insecta_larvae,Media,
Eleginops maclovinus,Eleginops maclovinus,Cyrtograpsus angulatus,Directa,Muñoz & de los Ríos 2018,Cyrtograpsus angulatus,Alta,Marino
Gallaretas,Fulica armillata,Cyrtograpsus angulatus,Directa,García et al 2008,Cyrtograpsus angulatus,Alta,
Gallaretas,Fulica armillata,Cyrtograpsus angulatus,Directa,Favero et al 2012,Cyrtograpsus angulatus,Alta,
Gallaretas,Fulica armillata,Algas,Especialista,Aplicacion Aves Argentinas,,,
Gallaretas,Fulica armillata,Plantas acuáticas,Especialista,Aplicacion Aves Argentinas,,,
Gallaretas,Fulica armillata,Insectos,Especialista,Aplicacion Aves Argentinas,,,
Gallaretas,Fulica armillata,Cangrejos,Especialista,Aplicacion Aves Argentinas,,,
Gallaretas,Fulica leucoptera,Algas,Especialista,Aplicacion Aves Argentinas,,,
Gallaretas,Fulica leucoptera,Plantas acuáticas,Especialista,Aplicacion Aves Argentinas,,,
Gallaretas,Fulica leucoptera,Insectos,Especialista,Aplicacion Aves Argentinas,,,
Gallaretas,Fulica leucoptera,Camarones,Especialista,Aplicacion Aves Argentinas,,,
Gallaretas,Fulica leucoptera,Caracoles acuáticos,Especialista,Aplicacion Aves Argentinas,,,
Gallaretas,Fulica leucoptera,Animales pequeños,Especialista,Aplicacion Aves Argentinas,,,
Gallaretas,Fulica rufifrons,Algas,Especialista,Aplicacion Aves Argentinas,,,
Gallaretas,Fulica rufifrons,Plantas acuáticas,Especialista,Aplicacion Aves Argentinas,,,
Garzas,Garzas,Rhinella arenarum_adult,Especialista,N. Basso pers. comm.,Rhinella arenarum_adult,Alta,
Garzas,Garzas,Peces,Especialista,Harris 2008,,Baja,
Garzas,Garzas,Invertebrados pequenos (crustaceos),Especialista,Harris 2008,Chilina,Baja,
Garzas,Garzas,Invertebrados pequenos (crustaceos),Especialista,Harris 2008,Cyrtograpsus angulatus,Baja,
Garzas,Garzas,Invertebrados (gasteropodos),Especialista,Harris 2008,Aegla neuquensis,Baja,
Garzas,Garzas,Anfibios,Especialista,Harris 2008,Pleurodema bufoni_adult,Baja,
Garzas,Garzas,Anfibios,Especialista,Harris 2008,Rhinella arenarum_adult,Baja,
Garzas,Garzas,Insectos,Especialista,Harris 2008,Insecta_terrestrial adult,Baja,
Garzas,Egretta thula,Peces,Especialista,Aplicacion Aves Argentinas,,,
Garzas,Egretta thula,Ranas,Especialista,Aplicacion Aves Argentinas,,,
Garzas,Egretta thula,Pequeños reptiles,Especialista,Aplicacion Aves Argentinas,,,
Garzas,Egretta thula,Insectos acuáticos,Especialista,Aplicacion Aves Argentinas,,,
Garzas,Nycticorax nycticorax,Peces,Especialista,Aplicacion Aves Argentinas,,,
Garzas,Nycticorax nycticorax,Anfibios,Especialista,Aplicacion Aves Argentinas,,,
Garzas,Nycticorax nycticorax,Pichones de aves,Especialista,Aplicacion Aves Argentinas,,,
Gaviotas,Larus dominicanus,Peces,Especialista,Aplicacion Aves Argentinas,,,
Gaviotas,Larus dominicanus,Reptiles,Especialista,Aplicacion Aves Argentinas,,,
Gaviotas,Larus dominicanus,Anfibios,Especialista,Aplicacion Aves Argentinas,,,
Gaviotas,Larus dominicanus,Aves,Especialista,Aplicacion Aves Argentinas,,,
Gaviotas,Larus dominicanus,Huevos,Especialista,Aplicacion Aves Argentinas,,,
Gaviotas,Larus dominicanus,Pequeños mamíferos,Especialista,Aplicacion Aves Argentinas,,,
Gaviotas,Larus dominicanus,Invertebrados marinos,Especialista,Aplicacion Aves Argentinas,,,
Gaviotas,Larus dominicanus,Insectos,Especialista,Aplicacion Aves Argentinas,,,
Gaviotas,Larus dominicanus,Carroña,Especialista,Aplicacion Aves Argentinas,,,
Gaviotas,Larus maculipennis,Insectos,Especialista,Aplicacion Aves Argentinas,,,
Gaviotas,Larus maculipennis,Peces,Especialista,Aplicacion Aves Argentinas,,,
Gaviotas,Larus maculipennis,Gusanos,Especialista,Aplicacion Aves Argentinas,,,
Gaviotas,Larus maculipennis,Arácnidos,Especialista,Aplicacion Aves Argentinas,,,
Gaviotas,Larus maculipennis,Crustáceos,Especialista,Aplicacion Aves Argentinas,,,
Gaviotas,Larus maculipennis,Semillas,Especialista,Aplicacion Aves Argentinas,,,
Gaviotas,Larus maculipennis,Carroña,Especialista,Aplicacion Aves Argentinas,,,
Gaviotines,Sterna hirundinacea,Peces pequeños,Especialista,Aplicacion Aves Argentinas,Odontesthes hatcheri_adult,,
Gaviotines,Sterna sandvicensis,Peces pequeños,Especialista,Aplicacion Aves Argentinas,Odontesthes hatcheri_adult,,
Genidens barbus,Genidens barbus,Heleobia australis,Directa,Mendoza-Carranza & Paes Vieira 2009,Chilina,Media,
Genidens barbus,Genidens barbus,Mytilus sp,Directa,Mendoza-Carranza & Paes Vieira 2009,Corbicula,Media,
Genidens barbus,Genidens barbus,Unid. Bivalvia,Directa,Mendoza-Carranza & Paes Vieira 2009,Corbicula,Media,
Genidens barbus,Genidens barbus,Polychaeta,Directa,Mendoza-Carranza & Paes Vieira 2009,Oligochaeta,Baja,
Genidens barbus,Genidens barbus,Ostracoda,Directa,Mendoza-Carranza & Paes Vieira 2009,Zooplancton,Alta,
Genidens barbus,Genidens barbus,Copepoda,Directa,Mendoza-Carranza & Paes Vieira 2009,Zooplancton,Alta,
Genidens barbus,Genidens barbus,Balanus improvisus,Directa,Mendoza-Carranza & Paes Vieira 2009,,,
Genidens barbus,Genidens barbus,Decapoda,Directa,Mendoza-Carranza & Paes Vieira 2009,Cyrtograpsus angulatus,Alta,
Genidens barbus,Genidens barbus,Decapoda,Directa,Mendoza-Carranza & Paes Vieira 2009,Aegla neuquensis,Alta,
Genidens barbus,Genidens barbus,Amphipoda,Directa,Mendoza-Carranza & Paes Vieira 2009,Amphipoda,Alta,
Genidens barbus,Genidens barbus,Isopoda,Directa,Mendoza-Carranza & Paes Vieira 2009,,,
Genidens barbus,Genidens barbus,Tanaidacea,Directa,Mendoza-Carranza & Paes Vieira 2009,,,
Genidens barbus,Genidens barbus,Insecta larvae,Directa,Mendoza-Carranza & Paes Vieira 2009,Insecta_larvae,Alta,
Genidens barbus,Genidens barbus,Insecta Terrestrial,Directa,Mendoza-Carranza & Paes Vieira 2009,Insecta_terrestrial adult,Alta,
Genidens barbus,Genidens barbus,Actinopterygii,Directa,Mendoza-Carranza & Paes Vieira 2009,,,
Genidens barbus,Genidens barbus,Actinopterygii,Directa,Madeira Di Beneditto et al 2018,Diplomystes mesembrinus,Baja,
Genidens barbus,Genidens barbus,Actinopterygii,Directa,Madeira Di Beneditto et al 2018,Hatcheria macraei,Baja,
Geotria macrostoma_adult,Geotria macrostoma_adult,NO COME,Especialista,C. Riva Rossi pers. comm.,,,
Geotria macrostoma_adult,Geotria macrostoma_adult,Flesh,Directa,Renaud 2009,Carroña,Baja,Basado en Geotria australis
Geotria macrostoma_juvenile,Geotria macrostoma_juvenile,Filtrador,Especialista,C. Riva Rossi pers. comm.,Zooplancton,Baja,
Geotria macrostoma_juvenile,Geotria macrostoma_juvenile,Detritus,Especialista,Miller et al 2021,Detritus,Alta,
Geotria macrostoma_juvenile,Geotria macrostoma_juvenile,Diatomeas,Especialista,Miller et al 2021,Fitoplancton,Media,
Geotria macrostoma_juvenile,Geotria macrostoma_juvenile,Algae,Especialista,Miller et al 2021,Fitoplancton,Media,
Geotria macrostoma_juvenile,Geotria macrostoma_juvenile,Bacteria,Especialista,Miller et al 2021,Fitoplancton,Media,
Hatcheria macraei,Hatcheria macraei,Algas,Directa,Ferriz 2012,Algae,Alta,
Hatcheria macraei,Hatcheria macraei,Copepoda,Directa,Ferriz 2012,Zooplancton,Alta,
Hatcheria macraei,Hatcheria macraei,Cladocera,Directa,Ferriz 2012,Zooplancton,Alta,
Hatcheria macraei,Hatcheria macraei,Ostracoda,Directa,Ferriz 2012,Zooplancton,Alta,
Hatcheria macraei,Hatcheria macraei,Amphipoda,Directa,Ferriz 2012,Amphipoda,Alta,
Hatcheria macraei,Hatcheria macraei,Hirudinea,Directa,Ferriz 2012,,,
Hatcheria macraei,Hatcheria macraei,Chironomidae (larvae),Directa,Ferriz 2012,Insecta_larvae,Alta,
Hatcheria macraei,Hatcheria macraei,Ceratopogonidae (larvae),Directa,Ferriz 2012,Insecta_larvae,Alta,
Hatcheria macraei,Hatcheria macraei,Tabanidae (larvae),Directa,Ferriz 2012,Insecta_larvae,Alta,
Hatcheria macraei,Hatcheria macraei,Tipulidae (larvae),Directa,Ferriz 2012,Insecta_larvae,Alta,
Hatcheria macraei,Hatcheria macraei,Trichoptera (larvae),Directa,Ferriz 2012,Insecta_larvae,Alta,
Hatcheria macraei,Hatcheria macraei,Ephemeroptera (nymph),Directa,Ferriz 2012,Insecta_larvae,Alta,
Hatcheria macraei,Hatcheria macraei,Plecoptera (nymph),Directa,Ferriz 2012,Insecta_larvae,Alta,
Hatcheria macraei,Hatcheria macraei,Coleoptera (larvae),Directa,Ferriz 2012,Insecta_larvae,Alta,
Hatcheria macraei,Hatcheria macraei,Ephemeroptera (nymph),Experimental,Geray et al 2015,Insecta_larvae,Alta,
Hatcheria macraei,Hatcheria macraei,Plecoptera (nymph),Experimental,Geray et al 2015,Insecta_larvae,Alta,
Hatcheria macraei,Hatcheria macraei,Trichoptera (larvae),Experimental,Geray et al 2015,Insecta_larvae,Alta,
Hatcheria macraei,Hatcheria macraei,Austrelmis (adult),Directa,García et al 2017,Insecta_terrestrial adult,Alta,
Hatcheria macraei,Hatcheria macraei,Ceratopogonidae (pupae),Directa,García et al 2017,Insecta_larvae,Alta,
Hatcheria macraei,Hatcheria macraei,Chirnomidae (larvae),Directa,García et al 2017,Insecta_larvae,Alta,
Hatcheria macraei,Hatcheria macraei,Chirnomidae (pupae),Directa,García et al 2017,Insecta_larvae,Alta,
Hatcheria macraei,Hatcheria macraei,Cicadellidae,Directa,García et al 2017,Insecta_terrestrial adult,Alta,
Hatcheria macraei,Hatcheria macraei,Cicadidae,Directa,García et al 2017,Insecta_terrestrial adult,Alta,
Hatcheria macraei,Hatcheria macraei,Elmidae (larvae),Directa,García et al 2017,Insecta_larvae,Alta,
Hatcheria macraei,Hatcheria macraei,Embolemidae,Directa,García et al 2017,Insecta_terrestrial adult,Alta,
Hatcheria macraei,Hatcheria macraei,Ephemeroptera (nymph),Directa,García et al 2017,Insecta_larvae,Alta,
Hatcheria macraei,Hatcheria macraei,Formicidae,Directa,García et al 2017,Insecta_terrestrial adult,Alta,
Hatcheria macraei,Hatcheria macraei,Tephritidae (larvae),Directa,García et al 2017,Insecta_larvae,Alta,
Hatcheria macraei,Hatcheria macraei,Tephritidae (pupae),Directa,García et al 2017,Insecta_larvae,Alta,
Hatcheria macraei,Hatcheria macraei,Oligochaeta,Directa,García et al 2017,Oligochaeta,Alta,
Hatcheria macraei,Hatcheria macraei,Simuliidae (larvae),Directa,García et al 2017,Insecta_larvae,Alta,
Hatcheria macraei,Hatcheria macraei,Simuliidae (pupae),Directa,García et al 2017,Insecta_larvae,Alta,
Hatcheria macraei,Hatcheria macraei,Trichoptera (larvae),Directa,García et al 2017,Insecta_larvae,Alta,
Hatcheria macraei,Hatcheria macraei,Ephemeroptera (nymph),Directa,Ferriz 1994,Insecta_larvae,Alta,
Hatcheria macraei,Hatcheria macraei,Trichoptera (larvae),Directa,Ferriz 1994,Insecta_larvae,Alta,
Hatcheria macraei,Hatcheria macraei,Copepoda,Directa,Barriga & Battini 2009,Zooplancton,Alta,
Hatcheria macraei,Hatcheria macraei,Chironomidae (larvae),Directa,Barriga & Battini 2009,Insecta_larvae,Alta,
Hatcheria macraei,Hatcheria macraei,Chironomidae (pupae),Directa,Barriga & Battini 2009,Insecta_larvae,Alta,
Hatcheria macraei,Hatcheria macraei,Diptera (larvae),Directa,Barriga & Battini 2009,Insecta_larvae,Alta,
Hatcheria macraei,Hatcheria macraei,Ephemeroptera (nymph),Directa,Barriga & Battini 2009,Insecta_larvae,Alta,
Hatcheria macraei,Hatcheria macraei,Ephemeroptera (adult),Directa,Barriga & Battini 2009,Insecta_terrestrial adult,Alta,
Hatcheria macraei,Hatcheria macraei,Plecoptera (nymph),Directa,Barriga & Battini 2009,Insecta_larvae,Alta,
Hatcheria macraei,Hatcheria macraei,Trichoptera (larvae),Directa,Barriga & Battini 2009,Insecta_larvae,Alta,
Hatcheria macraei,Hatcheria macraei,Trichoptera (pupae),Directa,Barriga & Battini 2009,Insecta_larvae,Alta,
Hatcheria macraei,Hatcheria macraei,Coleoptera (larvae),Directa,Barriga & Battini 2009,Insecta_larvae,Alta,
Hatcheria macraei,Hatcheria macraei,Galaxias maculatus,Directa,Barriga & Battini 2009,Odontesthes hatcheri_juvenile,Baja,
Hatcheria macraei,Hatcheria macraei,Nostoc sp.,Directa,Barriga & Battini 2009,Algae,Alta,
Loros,Myiopsitta monachus,"Brotes de plantas, flores y semillas",Especialista,Aplicacion Aves Argentinas,,,
Loros,Myiopsitta monachus,Larvas de insectos,Especialista,Aplicacion Aves Argentinas,,,
Loros,Cyanoliseus patagonus,Semillas y frutos,Especialista,Aplicacion Aves Argentinas,,,
Macaes,Macaes,Plantas acuaticas,Especialista,Harris 2008,Vegetacion_subacuatica,Baja,
Macaes,Macaes,Pequenos peces,Especialista,Harris 2008,,Baja,
Macaes,Macaes,Invertebrados pequenos (crustaceos),Especialista,Harris 2008,Cyrtograpsus angulatus,Baja,
Macaes,Macaes,Invertebrados pequenos (crustaceos),Especialista,Harris 2008,Aegla neuquensis,Baja,
Macaes,Macaes,Invertebrados (gasteropodos),Especialista,Harris 2008,Chilina,Baja,
Myocastor coypus,Myocastor coypus,Eleocharis bonariensis,Directa,Borgnia et al 2000,Vegetacion_subacuatica,Media,
Myocastor coypus,Myocastor coypus,Rumex hydrolapathum,Especialista,Woods et al 1992,Vegetacion_subacuatica,Media,
Myocastor coypus,Myocastor coypus,Circuta virosa,Especialista,Woods et al 1992,Vegetacion_subacuatica,Media,
Myocastor coypus,Myocastor coypus,Lemma sp.,Directa,Borgnia et al 2000,Vegetacion_subacuatica,Media,
Neovison vison,Neovison vison,Crayfish,Directa,Melero et al 2014,Aegla neuquensis,Baja,
Neovison vison,Neovison vison,Salmo trutta,Directa,Vehanen et al 2022,Salmo trutta,Alta,
Neovison vison,Neovison vison,Salmo trutta,Directa,Vehanen et al 2022,Oncorhynchus mykiss,Media,
Neovison vison,Neovison vison,Salmo trutta,Directa,Vehanen et al 2022,Oncorhynchus tshawytscha,Media,
Neovison vison,Neovison vison,Grebe,Directa,Brzeziński et al 2018,Macaes,Media,
Neovison vison,Neovison vison,Microtus agrestis,Indirecta,Fey et al 2008,Roedores,Media,
Neovison vison,Neovison vison,Rana temporaria,Indirecta,Salo et al 2010,Rhinella arenarum_adult,Media,
Neovison vison,Neovison vison,Ondatra zibethicus,Indirecta,Holmengen et al 2009,Myocastor coypus,Media,
Neovison vison,Neovison vison,Carcinus maenas,Directa,Bonesi 1996,Cyrtograpsus angulatus,Media,
Neovison vison,Neovison vison,Anguilla anguilla,Directa,Bonesi 1996,Geotria macrostoma_adult,Media,
Neovison vison,Neovison vison,Blennius pholis,Directa,Bonesi 1996,Diplomystes mesembrinus,Baja,
Neovison vison,Neovison vison,Pholis gunnelus,Directa,Bonesi 1996,Hatcheria macraei,Baja,
Neovison vison,Neovison vison,Ciliata mustela,Directa,Bonesi 1996,Hatcheria macraei,Baja,
Neovison vison,Neovison vison,Taurulus bulbalis,Directa,Bonesi 1996,Diplomystes mesembrinus,Baja,
Neovison vison,Neovison vison,Gobius spp.,Directa,Bonesi 1996,Genidens barbus,Baja,
Neovison vison,Neovison vison,Cyprinus carpio,Experimental,Poole & Dunstone 1976,Genidens barbus,Baja,
Neovison vison,Neovison vison,Carassius auratus,Experimental,Poole & Dunstone 1976,Percichthys trucha,Baja,
Neovison vison,Neovison vison,Phoxinus phoxinus,Experimental,Poole & Dunstone 1976,,,
Neovison vison,Neovison vison,Rodents,Directa,Zalewski et al 2021,Roedores,Alta,
Neovison vison,Neovison vison,Insectivores,Directa,Zalewski et al 2021,,,
Neovison vison,Neovison vison,Rana temporaria,Directa,Zalewski et al 2021,Pleurodema bufoni_adult,Media,
Neovison vison,Neovison vison,Bufo bufo,Directa,Zalewski et al 2021,Rhinella arenarum_adult,Media,
Neovison vison,Neovison vison,Fish,Directa,Zalewski et al 2021,,,
Neovison vison,Neovison vison,Muskrat,Directa,Ibarra et al 2009,Myocastor coypus,Alta,
Neovison vison,Neovison vison,Beaver,Directa,Ibarra et al 2009,Myocastor coypus,Media,
Neovison vison,Neovison vison,Rodents,Directa,Ibarra et al 2009,Roedores,Alta,
Neovison vison,Neovison vison,Chloephaga picta,Directa,Ibarra et al 2009,Cauquenes,Alta,
Neovison vison,Neovison vison,Aphrastura spinicauda,Directa,Ibarra et al 2009,Passeriformes,Alta,
Neovison vison,Neovison vison,Troglodytes musculus,Directa,Ibarra et al 2009,Passeriformes,Alta,
Neovison vison,Neovison vison,Spiza americana,Directa,Page et al 2010,Passeriformes,Alta,
Neovison vison,Neovison vison,Talpa europea,Directa,Jedrzejewska et al 2001,Roedores,Media,
Neovison vison,Neovison vison,Sorex araneus,Directa,Jedrzejewska et al 2001,Roedores,Media,
Neovison vison,Neovison vison,Neomys fodiens,Directa,Jedrzejewska et al 2001,Roedores,Alta,
Neovison vison,Neovison vison,Clethrionomys glareolus,Directa,Jedrzejewska et al 2001,Roedores,Alta,
Neovison vison,Neovison vison,Arvicola terrestris ,Directa,Jedrzejewska et al 2001,Roedores,Alta,
Neovison vison,Neovison vison,Soricidae,Directa,Jedrzejewska et al 2001,Roedores,Media,
Neovison vison,Neovison vison,Microtus oeconomus,Directa,Jedrzejewska et al 2001,Roedores,Alta,
Neovison vison,Neovison vison,Pitymys subterraneus,Directa,Jedrzejewska et al 2001,Roedores,Alta,
Neovison vison,Neovison vison,Apodemus sp.,Directa,Jedrzejewska et al 2001,Roedores,Alta,
Neovison vison,Neovison vison,Sicista betulina,Directa,Jedrzejewska et al 2001,Roedores,Alta,
Neovison vison,Neovison vison,Mustela vison,Directa,Jedrzejewska et al 2001,Neovison vison,Alta,
Neovison vison,Neovison vison,Porzana porzana,Directa,Jedrzejewska et al 2001,Gallaretas,Baja,
Neovison vison,Neovison vison,Rana temporaria,Directa,Jedrzejewska et al 2001,Rhinella arenarum_adult,Media,
Neovison vison,Neovison vison,Esox luciys,Directa,Jedrzejewska et al 2001,Oncorhynchus mykiss,Baja,
Neovison vison,Neovison vison,Rutilus rutilus,Directa,Jedrzejewska et al 2001,Genidens barbus,Baja,
Neovison vison,Neovison vison,Lota lota,Directa,Jedrzejewska et al 2001,Geotria macrostoma_adult,Baja,
Neovison vison,Neovison vison,Gasterosteus aculeatus,Directa,Jedrzejewska et al 2001,Odontesthes hatcheri_adult,Baja,
Neovison vison,Neovison vison,Gymnocephalus cernutus,Directa,Jedrzejewska et al 2001,Diplomystes mesembrinus,Baja,
Neovison vison,Neovison vison,Astacus sp.,Directa,Jedrzejewska et al 2001,Cyrtograpsus angulatus,Baja,
Neovison vison,Neovison vison,Gastropoda,Directa,Jedrzejewska et al 2001,Chilina,Alta,
Neovison vison,Neovison vison,Dysticus sp.,Directa,Jedrzejewska et al 2001,Insecta_aquatic adult,Alta,
Neovison vison,Neovison vison,Insect larvae,Directa,Jedrzejewska et al 2001,Insecta_larvae,Alta,
Neovison vison,Neovison vison,Plants,Directa,Jedrzejewska et al 2001,Vegetacion_costera,Media,
Neovison vison,Neovison vison,Arvicola terrestris,Indirecta,Halliwell & Macdonald 1996,Roedores,Alta,
Neovison vison,Neovison vison,Myocastor coypus,Indirecta,Buchanan et al 2022,Myocastor coypus,Alta,
Neovison vison,Neovison vison,Abrothrix sp.,Directa,Fasola et al 2010,Roedores,Alta,
Neovison vison,Neovison vison,Loxodontomys sp.,Directa,Fasola et al 2010,Roedores,Alta,
Neovison vison,Neovison vison,Chelemys sp,Directa,Fasola et al 2010,Roedores,Alta,
Neovison vison,Neovison vison,Phyllotis sp.,Directa,Fasola et al 2010,Roedores,Alta,
Neovison vison,Neovison vison,Irenomys sp.,Directa,Fasola et al 2010,Roedores,Alta,
Neovison vison,Neovison vison,Reithrodon sp.,Directa,Fasola et al 2010,Roedores,Alta,
Neovison vison,Neovison vison,Rattus sp.,Directa,Fasola et al 2010,Roedores,Alta,
Neovison vison,Neovison vison,Dromiciops sp.,Directa,Fasola et al 2010,,,
Neovison vison,Neovison vison,Aegla sp.,Directa,Fasola et al 2010,Aegla neuquensis,Alta,
Neovison vison,Neovison vison,Sammastacus sp.,Directa,Fasola et al 2010,Aegla neuquensis,Media,
Neovison vison,Neovison vison,Reptiles,Directa,Fasola et al 2010,,,
Neovison vison,Neovison vison,Insecta,Directa,Fasola et al 2010,Insecta_larvae,Media,
Neovison vison,Neovison vison,Anas georgica,Directa,Fasola et al 2010,Patos,Alta,
Neovison vison,Neovison vison,Cygnus melanoryphus,Directa,Fasola et al 2010,Cisnes,Alta,
Neovison vison,Neovison vison,Chloephaga picta,Directa,Fasola et al 2010,Cauquenes,Alta,
Neovison vison,Neovison vison,Patagonotothen sp.,Directa,Fasola et al 2010,Diplomystes mesembrinus,Baja,
Neovison vison,Neovison vison,Percichthys trucha,Directa,Fasola et al 2010,Percichthys trucha,Alta,
Neovison vison,Neovison vison,Galaxias,Directa,Fasola et al 2010,,,
Neovison vison,Neovison vison,Salmo trutta,Directa,Fasola et al 2010,Salmo trutta,Alta,
Neovison vison,Neovison vison,Salvelinus fontinalis,Directa,Fasola et al 2010,Oncorhynchus tshawytscha,Media,
Neovison vison,Neovison vison,Oncorhynchus mykiss,Directa,Fasola et al 2010,Oncorhynchus mykiss,Alta,
Neovison vison,Neovison vison,Podiceps major,Indirecta,Peris et al 2009,Macaes,Alta,
Neovison vison,Neovison vison,Anas flavirostris,Indirecta,Peris et al 2009,Patos,Alta,
Neovison vison,Neovison vison,Anas sibilatrix,Indirecta,Peris et al 2009,Patos,Alta,
Neovison vison,Neovison vison,Fulica armillata,Indirecta,Peris et al 2009,Gallaretas,Alta,
Neovison vison,Neovison vison,Chloephaga poliocephala,Indirecta,Peris et al 2009,Cauquenes,Alta,
Odontesthes hatcheri_adult,Odontesthes hatcheri_adult,Odontestesthes hatcheri,Directa,,Odontesthes hatcheri_juvenile,,
Odontesthes hatcheri_adult,Odontesthes hatcheri_adult,Microalgae,Directa,Martínez-Palacios et al 2019,Fitoplancton,Alta,
Odontesthes hatcheri_adult,Odontesthes hatcheri_adult,Annelids,Directa,Martínez-Palacios et al 2019,Oligochaeta,Alta,
Odontesthes hatcheri_adult,Odontesthes hatcheri_adult,Copepods,Directa,Martínez-Palacios et al 2019,Zooplancton,Alta,
Odontesthes hatcheri_adult,Odontesthes hatcheri_adult,Amphipods,Directa,Martínez-Palacios et al 2019,Amphipoda,Alta,
Odontesthes hatcheri_adult,Odontesthes hatcheri_adult,"Insects (larvae, postlarvae, adult)",Directa,Martínez-Palacios et al 2019,Insecta_larvae,Alta,
Odontesthes hatcheri_adult,Odontesthes hatcheri_adult,Molluscs,Directa,Martínez-Palacios et al 2019,Chilina,Baja,
Odontesthes hatcheri_adult,Odontesthes hatcheri_adult,Molluscs,Directa,Martínez-Palacios et al 2019,Corbicula,Baja,
Odontesthes hatcheri_adult,Odontesthes hatcheri_adult,Detritus,Directa,Martínez-Palacios et al 2019,Detritus,Alta,
Odontesthes hatcheri_adult,Odontesthes hatcheri_adult,Vegetables remains,Directa,Martínez-Palacios et al 2019,Detritus,Alta,
Odontesthes hatcheri_adult,Odontesthes hatcheri_adult,Odontesthes hatcheri,Directa,Macchi et al 1999,Odontesthes hatcheri_juvenile,Alta,
Odontesthes hatcheri_adult,Odontesthes hatcheri_adult,Galaxias maculatus,Directa,Macchi et al 1999,Odontesthes hatcheri_juvenile,Baja,
Odontesthes hatcheri_adult,Odontesthes hatcheri_adult,Algae (fil.),Directa,Macchi et al 1999,Algae,Alta,
Odontesthes hatcheri_adult,Odontesthes hatcheri_adult,Land organisms,Directa,Macchi et al 1999,,,
Odontesthes hatcheri_adult,Odontesthes hatcheri_adult,Benthos,Directa,Macchi et al 1999,Perifiton,Media,
Odontesthes hatcheri_adult,Odontesthes hatcheri_adult,Plankton,Directa,Macchi et al 1999,Zooplancton,Media,
Odontesthes hatcheri_adult,Odontesthes hatcheri_adult,Insecta,Directa,Hualde et al 2011,Insecta_larvae,Baja,
Odontesthes hatcheri_adult,Odontesthes hatcheri_adult,Amphipoda,Directa,Hualde et al 2011,Amphipoda,Alta,
Odontesthes hatcheri_adult,Odontesthes hatcheri_adult,Crustacea,Directa,Hualde et al 2011,,,
Odontesthes hatcheri_adult,Odontesthes hatcheri_adult,Arthropoda,Directa,Hualde et al 2011,,,
Odontesthes hatcheri_adult,Odontesthes hatcheri_adult,Diptera (larvae),Directa,Hualde et al 2011,Insecta_larvae,Alta,
Odontesthes hatcheri_adult,Odontesthes hatcheri_adult,Cladocera,Directa,Hualde et al 2011,Zooplancton,Alta,
Odontesthes hatcheri_adult,Odontesthes hatcheri_adult,Detritus,Directa,Alvear et al 2007,Detritus,Alta,
Odontesthes hatcheri_adult,Odontesthes hatcheri_adult,Algas,Directa,Alvear et al 2007,Algae,Alta,
Odontesthes hatcheri_adult,Odontesthes hatcheri_adult,Moluscos,Directa,Alvear et al 2007,Chilina,Media,
Odontesthes hatcheri_adult,Odontesthes hatcheri_adult,Moluscos,Directa,Alvear et al 2007,Corbicula,Baja,
Odontesthes hatcheri_adult,Odontesthes hatcheri_adult,Larvas y postlarvas de Insectos,Directa,Alvear et al 2007,Insecta_larvae,Alta,
Odontesthes hatcheri_adult,Odontesthes hatcheri_adult,Insectos adultos,Directa,Alvear et al 2007,Insecta_terrestrial adult,Baja,
Odontesthes hatcheri_adult,Odontesthes hatcheri_adult,Daphnia sp,Directa,Nabaes Jodar et al 2017,Zooplancton,Alta,
Odontesthes hatcheri_adult,Odontesthes hatcheri_adult,Terrestrial insects,Directa,Nabaes Jodar et al 2017,Insecta_terrestrial adult,Alta,
Odontesthes hatcheri_adult,Odontesthes hatcheri_adult,Galaxias maculatus,Directa,Nabaes Jodar et al 2017,,,
Odontesthes hatcheri_adult,Odontesthes hatcheri_adult,Chilina sp.,Directa,Nabaes Jodar et al 2017,Chilina,Alta,
Odontesthes hatcheri_adult,Odontesthes hatcheri_adult,Aquatic insect larvae,Directa,Nabaes Jodar et al 2017,Insecta_larvae,Alta,
Odontesthes hatcheri_adult,Odontesthes hatcheri_adult,Restos vegetales,Directa,Grosman 1993,Detritus,Baja,
Odontesthes hatcheri_adult,Odontesthes hatcheri_adult,Amphipoda,Directa,Grosman 1993,Amphipoda,Alta,
Odontesthes hatcheri_adult,Odontesthes hatcheri_adult,Plancton,Directa,Grosman 1993,Zooplancton,Media,
Odontesthes hatcheri_adult,Odontesthes hatcheri_adult,Chironomidae (larvae),Directa,Grosman 1993,Insecta_larvae,Alta,
Odontesthes hatcheri_adult,Odontesthes hatcheri_adult,Diptera (adult),Directa,Grosman 1993,Insecta_terrestrial adult,Alta,
Odontesthes hatcheri_adult,Odontesthes hatcheri_adult,Bivalvia,Directa,Grosman 1993,Corbicula,Baja,Seguramente se trate de larvas o juveniles
Odontesthes hatcheri_adult,Odontesthes hatcheri_adult,Gastropoda,Directa,Grosman 1993,Chilina,Baja,
Odontesthes hatcheri_adult,Odontesthes hatcheri_adult,Huevos de peces,Directa,Grosman 1993,Detritus,Baja,Materia orgánica particulada
Odontesthes hatcheri_adult,Odontesthes hatcheri_adult,Chilina gibbosa,Directa,Ferriz 1987,Chilina,Alta,
Odontesthes hatcheri_adult,Odontesthes hatcheri_adult,Biomphalaria peregrina,Directa,Ferriz 1987,,,
Odontesthes hatcheri_adult,Odontesthes hatcheri_adult,Ostracoda,Directa,Ferriz 1987,Zooplancton,Alta,
Odontesthes hatcheri_adult,Odontesthes hatcheri_adult,Chironomidae (larvae),Directa,Ferriz 1987,Insecta_larvae,Alta,
Odontesthes hatcheri_adult,Odontesthes hatcheri_adult,Tricoptera (larvae),Directa,Ferriz 1987,Insecta_larvae,Alta,
Odontesthes hatcheri_adult,Odontesthes hatcheri_adult,Terrestrial insects,Directa,Ferriz 1987,Insecta_terrestrial adult,Alta,
Odontesthes hatcheri_juvenile,Odontesthes hatcheri_juvenile,Benthos,Directa,Macchi et al 1999,Perifiton,Baja,
Odontesthes hatcheri_juvenile,Odontesthes hatcheri_juvenile,Larvas y postlarvas de Insectos,Directa,Alvear et al 2007,Insecta_larvae,Alta,
Odontesthes hatcheri_juvenile,Odontesthes hatcheri_juvenile,Insectos adultos,Directa,Alvear et al 2007,Insecta_terrestrial adult,Baja,
Odontesthes hatcheri_juvenile,Odontesthes hatcheri_juvenile,Plankton,Directa,Alvear et al 2007,Zooplancton,Baja,
Odontesthes hatcheri_juvenile,Odontesthes hatcheri_juvenile,Detritus,Directa,Alvear et al 2007,Detritus,Alta,
Odontesthes hatcheri_juvenile,Odontesthes hatcheri_juvenile,Algas,Directa,Alvear et al 2007,Algae,Alta,
Oncorhynchus mykiss,Oncorhynchus mykiss,Rhinella arenarum,Inferida,Velasco et al 2018,Rhinella arenarum_juvenile,Alta,
Oncorhynchus mykiss,Oncorhynchus mykiss,Pleurodema somuncurense,Inferida,Velasco et al 2018,Pleurodema bufoni_juvenile,Media,
Oncorhynchus mykiss,Oncorhynchus mykiss,Diptera,Directa,Buria et al 2007,Insecta_larvae,Alta,El trabajo tiene una tabla con mayor detalle taxonómico
Oncorhynchus mykiss,Oncorhynchus mykiss,Diptera,Directa,Buria et al 2007,Insecta_terrestrial adult,Alta,
Oncorhynchus mykiss,Oncorhynchus mykiss,Plecoptera,Directa,Buria et al 2007,Insecta_larvae,Alta,El trabajo tiene una tabla con mayor detalle taxonómico
Oncorhynchus mykiss,Oncorhynchus mykiss,Oligochaeta,Directa,Buria et al 2007,Oligochaeta,Alta,El trabajo tiene una tabla con mayor detalle taxonómico
Oncorhynchus mykiss,Oncorhynchus mykiss,Trichoptera,Directa,Buria et al 2007,Insecta_larvae,Alta,El trabajo tiene una tabla con mayor detalle taxonómico
Oncorhynchus mykiss,Oncorhynchus mykiss,Ephemeroptera,Directa,Buria et al 2007,Insecta_larvae,Alta,El trabajo tiene una tabla con mayor detalle taxonómico
Oncorhynchus mykiss,Oncorhynchus mykiss,Turbellaria,Directa,Buria et al 2007,Platyhelminthes,Alta,El trabajo tiene una tabla con mayor detalle taxonómico
Oncorhynchus mykiss,Oncorhynchus mykiss,Coleoptera,Directa,Buria et al 2007,Insecta_terrestrial adult,Alta,El trabajo tiene una tabla con mayor detalle taxonómico
Oncorhynchus mykiss,Oncorhynchus mykiss,Homoptera,Directa,Buria et al 2007,Insecta_terrestrial adult,Alta,El trabajo tiene una tabla con mayor detalle taxonómico
Oncorhynchus mykiss,Oncorhynchus mykiss,Galaxias spp.,Directa,Vigliano et al 2009,Odontesthes hatcheri_juvenile,Baja,
Oncorhynchus mykiss,Oncorhynchus mykiss,Molluscs,Directa,Vigliano et al 2009,Chilina,Media,
Oncorhynchus mykiss,Oncorhynchus mykiss,Molluscs,Directa,Vigliano et al 2009,Corbicula,Media,
Oncorhynchus mykiss,Oncorhynchus mykiss,Adult Insects,Directa,Vigliano et al 2009,Insecta_terrestrial adult,Alta,
Oncorhynchus mykiss,Oncorhynchus mykiss,Insects larvae and pupae,Directa,Vigliano et al 2009,Insecta_larvae,Alta,
Oncorhynchus mykiss,Oncorhynchus mykiss,Aegla spp.,Directa,Vigliano et al 2009,Aegla neuquensis,Alta,
Oncorhynchus mykiss,Oncorhynchus mykiss,Samastacus spp.,Directa,Vigliano et al 2009,Cyrtograpsus angulatus,Baja,
Oncorhynchus mykiss,Oncorhynchus mykiss,Amphipoda,Directa,Vigliano et al 2009,Amphipoda,Alta,
Oncorhynchus mykiss,Oncorhynchus mykiss,Salmonidae,Directa,Macchi et al 1999,Oncorhynchus mykiss,Baja,
Oncorhynchus mykiss,Oncorhynchus mykiss,Salmonidae,Directa,Macchi et al 1999,Salmo trutta,Baja,
Oncorhynchus mykiss,Oncorhynchus mykiss,Salmonidae,Directa,Macchi et al 1999,Oncorhynchus tshawytscha,Baja,
Oncorhynchus mykiss,Oncorhynchus mykiss,Percichthys sp.,Directa,Macchi et al 1999,Percichthys trucha,Media,
Oncorhynchus mykiss,Oncorhynchus mykiss,Odontesthes hatcheri,Directa,Macchi et al 1999,Odontesthes hatcheri_juvenile,Alta,
Oncorhynchus mykiss,Oncorhynchus mykiss,Galaxias maculatus,Directa,Macchi et al 1999,Odontesthes hatcheri_juvenile,Baja,
Oncorhynchus mykiss,Oncorhynchus mykiss,Algae (fil.),Directa,Macchi et al 1999,Algae,Alta,
Oncorhynchus mykiss,Oncorhynchus mykiss,Land organisms,Directa,Macchi et al 1999,,,
Oncorhynchus mykiss,Oncorhynchus mykiss,Benthos,Directa,Macchi et al 1999,Perifiton,Baja,
Oncorhynchus mykiss,Oncorhynchus mykiss,Plankton,Directa,Macchi et al 1999,Zooplancton,Baja,
Oncorhynchus mykiss,Oncorhynchus mykiss,Detritus,Directa,Alvear et al 2007,Detritus,Alta,
Oncorhynchus mykiss,Oncorhynchus mykiss,Algas,Directa,Alvear et al 2007,Algae,Alta,
Oncorhynchus mykiss,Oncorhynchus mykiss,Moluscos,Directa,Alvear et al 2007,Chilina,Media,
Oncorhynchus mykiss,Oncorhynchus mykiss,Moluscos,Directa,Alvear et al 2007,Corbicula,Baja,
Oncorhynchus mykiss,Oncorhynchus mykiss,Larvas y postlarvas de Insectos,Directa,Alvear et al 2007,Insecta_larvae,Alta,
Oncorhynchus mykiss,Oncorhynchus mykiss,Anfípodos,Directa,Alvear et al 2007,Amphipoda,Alta,
Oncorhynchus mykiss,Oncorhynchus mykiss,Insectos adultos,Directa,Alvear et al 2007,Insecta_terrestrial adult,Alta,
Oncorhynchus mykiss,Oncorhynchus mykiss,Aegla sp.,Directa,Alvear et al 2007,Aegla neuquensis,Media,
Oncorhynchus mykiss,Oncorhynchus mykiss,Peces,Directa,Alvear et al 2007,,,
Oncorhynchus mykiss,Oncorhynchus mykiss,Plankton,Directa,Alvear et al 2007,Zooplancton,Baja,
Oncorhynchus mykiss,Oncorhynchus mykiss,Daphnia sp,Directa,Nabaes Jodar et al 2017,Zooplancton,Alta,
Oncorhynchus mykiss,Oncorhynchus mykiss,Terrestrial insects,Directa,Nabaes Jodar et al 2017,Insecta_terrestrial adult,Alta,
Oncorhynchus mykiss,Oncorhynchus mykiss,Galaxias maculatus,Directa,Nabaes Jodar et al 2017,,,
Oncorhynchus mykiss,Oncorhynchus mykiss,Chilina sp.,Directa,Nabaes Jodar et al 2017,Chilina,Alta,
Oncorhynchus mykiss,Oncorhynchus mykiss,Detritus,Directa,Nabaes Jodar et al 2017,Detritus,Alta,
Oncorhynchus mykiss,Oncorhynchus mykiss,Elmidae (larvae),Directa,Rios 2021,Insecta_larvae,Alta,
Oncorhynchus mykiss,Oncorhynchus mykiss,Elmidae (adult),Directa,Rios 2021,Insecta_terrestrial adult,Alta,
Oncorhynchus mykiss,Oncorhynchus mykiss,Diptera (larvae),Directa,Rios 2021,Insecta_larvae,Alta,
Oncorhynchus mykiss,Oncorhynchus mykiss,Diptera (adult),Directa,Rios 2021,Insecta_terrestrial adult,Alta,
Oncorhynchus mykiss,Oncorhynchus mykiss,Simulidae (larvae),Directa,Rios 2021,Insecta_larvae,Alta,
Oncorhynchus mykiss,Oncorhynchus mykiss,Hyalella curvispina,Directa,Rios 2021,Amphipoda,Alta,
Oncorhynchus mykiss,Oncorhynchus mykiss,Hydropsychidae (adult),Directa,Rios 2021,Insecta_terrestrial adult,Alta,
Oncorhynchus mykiss,Oncorhynchus mykiss,Muscidae (larvae),Directa,Rios 2021,Insecta_larvae,Alta,
Oncorhynchus mykiss,Oncorhynchus mykiss,Chironomidae (larvae),Directa,Rios 2021,Insecta_larvae,Alta,
Oncorhynchus mykiss,Oncorhynchus mykiss,Gripopterygidae (larvae),Directa,Rios 2021,Muscidae (larvae),Alta,
Oncorhynchus mykiss,Oncorhynchus mykiss,Gripopterygidae (adult),Directa,Rios 2021,Insecta_terrestrial adult,Alta,
Oncorhynchus mykiss,Oncorhynchus mykiss,Leptophlebiidae (adult),Directa,Rios 2021,Insecta_terrestrial adult,Alta,
Oncorhynchus mykiss,Oncorhynchus mykiss,Dytiscidae (adult),Directa,Rios 2021,Insecta_aquatic adult,Alta,
Oncorhynchus mykiss,Oncorhynchus mykiss,Scarabeoidea (larvae),Directa,Rios 2021,Insecta_terrestrial adult,Alta,
Oncorhynchus mykiss,Oncorhynchus mykiss,Acrididae (adult),Directa,Rios 2021,Insecta_terrestrial adult,Alta,
Oncorhynchus mykiss,Oncorhynchus mykiss,Homoptera (adult),Directa,Rios 2021,Insecta_terrestrial adult,Alta,
Oncorhynchus mykiss,Oncorhynchus mykiss,Fish eggs,Directa,Rios 2021,,,
Oncorhynchus mykiss,Oncorhynchus mykiss,Aegla affinis,Directa,Rios 2021,Aegla neuquensis,Alta,
Oncorhynchus mykiss,Oncorhynchus mykiss,Lumbricidae,Directa,Rios 2021,Oligochaeta,Alta,
Oncorhynchus mykiss,Oncorhynchus mykiss,Hatcheria macraei,Directa,Rios 2021,Hatcheria macraei,Alta,
Oncorhynchus mykiss,Oncorhynchus mykiss,Ephemeroptera (nymph),Experimental,Geray et al 2015,Insecta_larvae,Alta,
Oncorhynchus mykiss,Oncorhynchus mykiss,Plecoptera (nymph),Experimental,Geray et al 2015,Insecta_larvae,Alta,
Oncorhynchus mykiss,Oncorhynchus mykiss,Trichoptera (larvae),Experimental,Geray et al 2015,Insecta_larvae,Alta,
Oncorhynchus mykiss,Oncorhynchus mykiss,Acrididae (adult),Directa,García et al 2017,Insecta_terrestrial adult,Alta,
Oncorhynchus mykiss,Oncorhynchus mykiss,Aphididae (adult),Directa,García et al 2017,Insecta_terrestrial adult,Alta,
Oncorhynchus mykiss,Oncorhynchus mykiss,Apoidea,Directa,García et al 2017,Insecta_terrestrial adult,Alta,
Oncorhynchus mykiss,Oncorhynchus mykiss,Austrelmis (adult),Directa,García et al 2017,Insecta_terrestrial adult,Alta,
Oncorhynchus mykiss,Oncorhynchus mykiss,Chirnomidae (larvae),Directa,García et al 2017,Insecta_larvae,Alta,
Oncorhynchus mykiss,Oncorhynchus mykiss,Chirnomidae (pupae),Directa,García et al 2017,Insecta_larvae,Alta,
Oncorhynchus mykiss,Oncorhynchus mykiss,Cicadellidae,Directa,García et al 2017,Insecta_terrestrial adult,Alta,
Oncorhynchus mykiss,Oncorhynchus mykiss,Cicadidae,Directa,García et al 2017,Insecta_terrestrial adult,Alta,
Oncorhynchus mykiss,Oncorhynchus mykiss,Curculionidae,Directa,García et al 2017,Insecta_terrestrial adult,Alta,
Oncorhynchus mykiss,Oncorhynchus mykiss,Elmidae (larvae),Directa,García et al 2017,Insecta_larvae,Alta,
Oncorhynchus mykiss,Oncorhynchus mykiss,Embolemidae,Directa,García et al 2017,Insecta_terrestrial adult,Alta,
Oncorhynchus mykiss,Oncorhynchus mykiss,Ephemeroptera (nymph),Directa,García et al 2017,Insecta_larvae,Alta,
Oncorhynchus mykiss,Oncorhynchus mykiss,Formicidae,Directa,García et al 2017,Insecta_terrestrial adult,Alta,
Oncorhynchus mykiss,Oncorhynchus mykiss,Gelastocoridae,Directa,García et al 2017,Insecta_terrestrial adult,Alta,
Oncorhynchus mykiss,Oncorhynchus mykiss,Ichneumonoidea,Directa,García et al 2017,Insecta_terrestrial adult,Alta,
Oncorhynchus mykiss,Oncorhynchus mykiss,Oligochaeta,Directa,García et al 2017,Oligochaeta,Alta,
Oncorhynchus mykiss,Oncorhynchus mykiss,Phoridae,Directa,García et al 2017,Insecta_terrestrial adult,Alta,
Oncorhynchus mykiss,Oncorhynchus mykiss,Platygastroidea,Directa,García et al 2017,Insecta_terrestrial adult,Alta,
Oncorhynchus mykiss,Oncorhynchus mykiss,Sarcophagidae,Directa,García et al 2017,Insecta_terrestrial adult,Alta,
Oncorhynchus mykiss,Oncorhynchus mykiss,Simuliidae (larvae),Directa,García et al 2017,Insecta_larvae,Alta,
Oncorhynchus mykiss,Oncorhynchus mykiss,Simuliidae (pupae),Directa,García et al 2017,Insecta_larvae,Alta,
Oncorhynchus mykiss,Oncorhynchus mykiss,Tenebrionidae,Directa,García et al 2017,Insecta_terrestrial adult,Alta,
Oncorhynchus mykiss,Oncorhynchus mykiss,Tephritidae (adult) ,Directa,García et al 2017,Insecta_terrestrial adult,Alta,
Oncorhynchus mykiss,Oncorhynchus mykiss,Trichoptera (larvae),Directa,García et al 2017,Insecta_larvae,Alta,
Oncorhynchus mykiss,Oncorhynchus mykiss,Insect larvae and pupae,Modelada,Juncos et al 2013,Insecta_larvae,Alta,
Oncorhynchus mykiss,Oncorhynchus mykiss,Adult insect,Modelada,Juncos et al 2013,Insecta_terrestrial adult,Alta,
Oncorhynchus mykiss,Oncorhynchus mykiss,Molluscs,Modelada,Juncos et al 2013,Chilina,Baja,
Oncorhynchus mykiss,Oncorhynchus mykiss,Molluscs,Modelada,Juncos et al 2013,Corbicula,Baja,
Oncorhynchus mykiss,Oncorhynchus mykiss,Samastacus sp.,Modelada,Juncos et al 2013,Cyrtograpsus angulatus,Baja,
Oncorhynchus mykiss,Oncorhynchus mykiss,Aegla,Modelada,Juncos et al 2013,Aegla neuquensis,Alta,
Oncorhynchus mykiss,Oncorhynchus mykiss,Hyalella sp.,Modelada,Juncos et al 2013,Amphipoda,Alta,
Oncorhynchus mykiss,Oncorhynchus mykiss,Galaxias maculatus,Modelada,Juncos et al 2013,Odontesthes hatcheri_juvenile,Baja,
Oncorhynchus mykiss,Oncorhynchus mykiss,Lymnaea sp.,Directa,Tagliaferro et al 2015,Chilina,Baja,"Se reportan altas abundancias de Chilina, pero sin consumo (refugio?)"
Oncorhynchus mykiss,Oncorhynchus mykiss,Hyalella sp.,Directa,Tagliaferro et al 2015,Amphipoda,Alta,
Oncorhynchus mykiss,Oncorhynchus mykiss,Ephemeroptera,Directa,Tagliaferro et al 2015,Insecta_larvae,Alta,
Oncorhynchus mykiss,Oncorhynchus mykiss,Plecoptera,Directa,Tagliaferro et al 2015,Insecta_larvae,Alta,
Oncorhynchus mykiss,Oncorhynchus mykiss,Coleoptera (larvae),Directa,Tagliaferro et al 2015,Insecta_larvae,Alta,
Oncorhynchus mykiss,Oncorhynchus mykiss,Trichoptera (larvae),Directa,Tagliaferro et al 2015,Insecta_larvae,Alta,
Oncorhynchus mykiss,Oncorhynchus mykiss,Diptera (larvae),Directa,Tagliaferro et al 2015,Insecta_larvae,Alta,
Oncorhynchus mykiss,Oncorhynchus mykiss,Trichoptera (adult),Directa,Tagliaferro et al 2015,Insecta_terrestrial adult,Alta,
Oncorhynchus mykiss,Oncorhynchus mykiss,Chilina sp.,Directa,Tagliaferro et al 2015,Chilina,Alta,
Oncorhynchus mykiss,Oncorhynchus mykiss,Naididae,Directa,Tagliaferro et al 2015,Oligochaeta,Alta,
Oncorhynchus mykiss,Oncorhynchus mykiss,Restos vegetales,Directa,Grosman 1993,Detritus,Baja,
Oncorhynchus mykiss,Oncorhynchus mykiss,Amphipoda,Directa,Grosman 1993,Amphipoda,Alta,
Oncorhynchus mykiss,Oncorhynchus mykiss,Hemiptera,Directa,Grosman 1993,Insecta_terrestrial adult,Alta,
Oncorhynchus mykiss,Oncorhynchus mykiss,Chironomidae (larvae),Directa,Grosman 1993,Insecta_larvae,Alta,
Oncorhynchus mykiss,Oncorhynchus mykiss,Diptera (adult),Directa,Grosman 1993,Insecta_terrestrial adult,Alta,
Oncorhynchus mykiss,Oncorhynchus mykiss,Bivalvia,Directa,Grosman 1993,Corbicula,Media,
Oncorhynchus mykiss,Oncorhynchus mykiss,Peces,Directa,Grosman 1993,,,
Oncorhynchus mykiss,Oncorhynchus mykiss,Daphnia sp,Directa,Nabaes Jodar et al 2020,Zooplancton,Alta,
Oncorhynchus mykiss,Oncorhynchus mykiss,Amphipoda,Directa,Lancelotti et al 2015,Amphipoda,Alta,
Oncorhynchus mykiss,Oncorhynchus mykiss,Cladocera,Directa,Lancelotti et al 2015,Zooplancton,Alta,
Oncorhynchus mykiss,Oncorhynchus mykiss,Copepoda,Directa,Lancelotti et al 2015,Zooplancton,Alta,
Oncorhynchus mykiss,Oncorhynchus mykiss,Ostracoda,Directa,Lancelotti et al 2015,Zooplancton,Alta,
Oncorhynchus mykiss,Oncorhynchus mykiss,Insecta,Directa,Lancelotti et al 2015,Insecta_larvae,Baja,
Oncorhynchus mykiss,Oncorhynchus mykiss,Zooplancton,Directa,Ortiz-Sandoval et al 2016,Zooplancton,Alta,
Oncorhynchus mykiss,Oncorhynchus mykiss,Trichoptera,Directa,Ortiz-Sandoval et al 2016,Insecta_larvae,Alta,
Oncorhynchus mykiss,Oncorhynchus mykiss,Odonata,Directa,Ortiz-Sandoval et al 2016,Insecta_larvae,Alta,
Oncorhynchus mykiss,Oncorhynchus mykiss,Gastropoda,Directa,Ortiz-Sandoval et al 2016,Chilina,Media,
Oncorhynchus mykiss,Oncorhynchus mykiss,Hyalella sp.,Directa,Ortiz-Sandoval et al 2016,Amphipoda,Alta,
Oncorhynchus mykiss,Oncorhynchus mykiss,Fishes,Directa,Ortiz-Sandoval et al 2016,,,
Oncorhynchus mykiss,Oncorhynchus mykiss,Terrestrial,Directa,Ortiz-Sandoval et al 2016,Insecta_terrestrial adult,Baja,
Oncorhynchus mykiss,Oncorhynchus mykiss,Fish,Directa,Tagliaferro et al 2020,,,
Oncorhynchus mykiss,Oncorhynchus mykiss,Invertebrate predator,Directa,Tagliaferro et al 2020,,,
Oncorhynchus mykiss,Oncorhynchus mykiss,Collector-feeder,Directa,Tagliaferro et al 2020,,,
Oncorhynchus mykiss,Oncorhynchus mykiss,Grazer,Directa,Tagliaferro et al 2020,,,
Oncorhynchus mykiss,Oncorhynchus mykiss,Shredder-scraper,Directa,Tagliaferro et al 2020,,,
Oncorhynchus mykiss,Oncorhynchus mykiss,Metamonius anceps nymph,Directa,Albariño & Buria 2011,,,
Oncorhynchus tshawytscha,Oncorhynchus tshawytscha,Fish,Directa,Tagliaferro et al 2020,,,
Oncorhynchus tshawytscha,Oncorhynchus tshawytscha,Invertebrate predator,Directa,Tagliaferro et al 2020,,,
Oncorhynchus tshawytscha,Oncorhynchus tshawytscha,Collector-feeder,Directa,Tagliaferro et al 2020,,,
Oncorhynchus tshawytscha,Oncorhynchus tshawytscha,Shredder-scraper,Directa,Tagliaferro et al 2020,,,
Ostreros,Haematopus palliatus,Cyrtograpsus angulatus,Directa,Daleo et al 2005,Cyrtograpsus angulatus,Alta,
Patos,Patos,larvas de insecto,Especialista,Martinez 1993,Insecta_larvae,Baja,
Patos,Patos,Insectos,Especialista,Harris 2008,Insecta_terrestrial adult,Baja,
Patos,Patos,Pequenos peces,Especialista,Harris 2008,,Baja,
Patos,Patos,Moluscos,Especialista,Harris 2008,Chilina,Baja,
Patos,Patos,Moluscos,Especialista,Harris 2008,Corbicula,Baja,
Patos,Patos,Crustaceos,Especialista,Harris 2008,Aegla neuquensis,Baja,
Patos,Patos,Crustaceos,Especialista,Harris 2008,Cyrtograpsus angulatus,Baja,
Patos,Patos,Plantas acuaticas,Especialista,Harris 2008,Vegetacion_subacuatica,Baja,
Percichthys trucha,Percichthys trucha,Percichthys sp.,Directa,Macchi et al 1999,Percichthys trucha,Media,
Percichthys trucha,Percichthys trucha,Odontesthes hatcheri,Directa,Macchi et al 1999,Odontesthes hatcheri_juvenile,Alta,
Percichthys trucha,Percichthys trucha,Galaxias maculatus,Directa,Macchi et al 1999,Odontesthes hatcheri_juvenile,Baja,
Percichthys trucha,Percichthys trucha,Benthos,Directa,Macchi et al 1999,Perifiton,Baja,
Percichthys trucha,Percichthys trucha,Plankton,Directa,Macchi et al 1999,Zooplancton,Baja,
Percichthys trucha,Percichthys trucha,Land organisms,Directa,Macchi et al 1999,,,
Percichthys trucha,Percichthys trucha,Detritus,Directa,Alvear et al 2007,Detritus,Alta,
Percichthys trucha,Percichthys trucha,Algas,Directa,Alvear et al 2007,Algae,Baja,
Percichthys trucha,Percichthys trucha,Macrofitas,Directa,Alvear et al 2007,Vegetacion_subacuatica,Alta,
Percichthys trucha,Percichthys trucha,Moluscos,Directa,Alvear et al 2007,Chilina,Baja,
Percichthys trucha,Percichthys trucha,Moluscos,Directa,Alvear et al 2007,Corbicula,Baja,
Percichthys trucha,Percichthys trucha,Larvas y postlarvas de Insectos,Directa,Alvear et al 2007,Insecta_larvae,Alta,
Percichthys trucha,Percichthys trucha,Anfipodos,Directa,Alvear et al 2007,Amphipoda,Alta,
Percichthys trucha,Percichthys trucha,Insectos adultos,Directa,Alvear et al 2007,Insecta_aquatic adult,Alta,
Percichthys trucha,Percichthys trucha,Peces,Directa,Alvear et al 2007,,,
Percichthys trucha,Percichthys trucha,Plankton,Directa,Alvear et al 2007,Zooplancton,Baja,
Percichthys trucha,Percichthys trucha,Annelids,Directa,Alvear et al 2007,Oligochaeta,Alta,
Percichthys trucha,Percichthys trucha,Daphnia sp,Directa,Nabaes Jodar et al 2017,Zooplancton,Alta,
Percichthys trucha,Percichthys trucha,Terrestrial insects,Directa,Nabaes Jodar et al 2017,Insecta_terrestrial adult,Alta,
Percichthys trucha,Percichthys trucha,Galaxias maculatus,Directa,Nabaes Jodar et al 2017,,,
Percichthys trucha,Percichthys trucha,Aquatic insects,Directa,Nabaes Jodar et al 2017,Insecta_larvae,Alta,
Percichthys trucha,Percichthys trucha,Decapoda,Directa,Nabaes Jodar et al 2017,Aegla neuquensis,Alta,
Percichthys trucha,Percichthys trucha,Chironomidae,Directa,Cussac et al 1998,Insecta_larvae,Alta,
Percichthys trucha,Percichthys trucha,Aegla sp.,Directa,Cussac et al 1998,Aegla neuquensis,Alta,
Percichthys trucha,Percichthys trucha,Samastacus sp.,Directa,Cussac et al 1998,Aegla neuquensis,Alta,
Percichthys trucha,Percichthys trucha,Galaxias maculatus,Directa,Cussac et al 1998,,,
Percichthys trucha,Percichthys trucha,Percichthys sp.,Directa,Cussac et al 1998,Percichthys trucha,Alta,
Percichthys trucha,Percichthys trucha,Insect larvae and pupae,Modelada,Juncos et al 2013,Insecta_larvae,Alta,
Percichthys trucha,Percichthys trucha,Samastacus sp.,Modelada,Juncos et al 2013,Cyrtograpsus angulatus,Baja,
Percichthys trucha,Percichthys trucha,Aegla,Modelada,Juncos et al 2013,Aegla neuquensis,Alta,
Percichthys trucha,Percichthys trucha,Hyalella sp.,Modelada,Juncos et al 2013,Amphipoda,Alta,
Percichthys trucha,Percichthys trucha,Galaxias maculatus,Modelada,Juncos et al 2013,Odontesthes hatcheri_juvenile,Baja,
Percichthys trucha,Percichthys trucha,Restos vegetales,Directa,Grosman 1993,Detritus,Baja,
Percichthys trucha,Percichthys trucha,Annelida,Directa,Grosman 1993,Oligochaeta,Alta,
Percichthys trucha,Percichthys trucha,Amphipoda,Directa,Grosman 1993,Amphipoda,Alta,
Percichthys trucha,Percichthys trucha,Hemiptera,Directa,Grosman 1993,Insecta_terrestrial adult,Alta,
Percichthys trucha,Percichthys trucha,Chironomidae (larvae),Directa,Grosman 1993,Insecta_larvae,Alta,
Percichthys trucha,Percichthys trucha,Bivalvia,Directa,Grosman 1993,Corbicula,Media,
Percichthys trucha,Percichthys trucha,Peces,Directa,Grosman 1993,,,
Pleurodema bufoni_juvenile,Pleurodema bufoni_juvenile,Crustáceos pequeños,Especialista,N. Basso pers. comm.,Amphipoda,Baja,
Pleurodema bufoni_juvenile,Pleurodema bufoni_juvenile,Algae,Especialista,N. Basso pers. comm.,Algae,Alta,
Pleurodema bufoni_juvenile,Pleurodema bufoni_juvenile,Plantas acuáticas,Especialista,N. Basso pers. comm.,Vegetacion_subacuatica,Alta,
Rhinella arenarum_adult,Rhinella arenarum_adult,Formicidae,Directa,Isachh & Barg 2002,Insecta_terrestrial adult,Alta,
Rhinella arenarum_adult,Rhinella arenarum_adult,Larvas de insecto,Especialista,"Cei, J.M. 1980",Insecta_larvae,Alta,
Rhinella arenarum_juvenile,Rhinella arenarum_juvenile,Navicula,Directa,Bionda et al 2012,Algae,,
Rhinella arenarum_juvenile,Rhinella arenarum_juvenile,Nilzschia,Directa,Bionda et al 2012,Algae,,
Rhinella arenarum_juvenile,Rhinella arenarum_juvenile,Hantzschia ,Directa,Bionda et al 2012,Algae,,
Rhinella arenarum_juvenile,Rhinella arenarum_juvenile,Gomphonema ,Directa,Bionda et al 2012,Algae,,
Rhinella arenarum_juvenile,Rhinella arenarum_juvenile,Osillatoria,Directa,Bionda et al 2012,Algae,,
Rhinella arenarum_juvenile,Rhinella arenarum_juvenile,Euglena ,Directa,Bionda et al 2012,Algae,,
Rhinella arenarum_juvenile,Rhinella arenarum_juvenile,Strombomonas ,Directa,Bionda et al 2012,Algae,,
Rhinella arenarum_juvenile,Rhinella arenarum_juvenile,Nitzschia palea,Directa,Babini et al 2017,Algae,,
Rhinella arenarum_juvenile,Rhinella arenarum_juvenile,Trachelomonas ,Directa,Babini et al 2017,Algae,,
Rhinella arenarum_juvenile,Rhinella arenarum_juvenile,Crustáceos pequeños,Especialista,N. Basso pers. comm.,Amphipoda,Baja,
Rhinella arenarum_juvenile,Rhinella arenarum_juvenile,Algae,Especialista,N. Basso pers. comm.,Algae,Alta,
Rhinella arenarum_juvenile,Rhinella arenarum_juvenile,Plantas acuáticas,Especialista,N. Basso pers. comm.,Vegetacion_subacuatica,Alta,
Salmo trutta,Salmo trutta,Aegla spp,Directa,Burns 1972,Aegla neuquensis,Media,
Salmo trutta,Salmo trutta,Diplomystes viedmensis,Directa,Macchi et al 1999,Diplomystes mesembrinus,Media,
Salmo trutta,Salmo trutta,Salmonidae,Directa,Macchi et al 1999,Oncorhynchus mykiss,Baja,
Salmo trutta,Salmo trutta,Salmonidae,Directa,Macchi et al 1999,Salmo trutta,Baja,
Salmo trutta,Salmo trutta,Salmonidae,Directa,Macchi et al 1999,Oncorhynchus tshawytscha,Baja,
Salmo trutta,Salmo trutta,Percichthys sp.,Directa,Macchi et al 1999,Percichthys trucha,Media,
Salmo trutta,Salmo trutta,Odontesthes hatcheri,Directa,Macchi et al 1999,Odontesthes hatcheri_juvenile,Alta,
Salmo trutta,Salmo trutta,Galaxias maculatus,Directa,Macchi et al 1999,Odontesthes hatcheri_juvenile,Media,
Salmo trutta,Salmo trutta,Land organisms,Directa,Macchi et al 1999,,,
Salmo trutta,Salmo trutta,Benthos,Directa,Macchi et al 1999,Perifiton,Baja,
Salmo trutta,Salmo trutta,Plankton,Directa,Macchi et al 1999,Zooplancton,Baja,
Salmo trutta,Salmo trutta,Daphnia sp,Directa,Nabaes Jodar et al 2017,Zooplancton,Alta,
Salmo trutta,Salmo trutta,Galaxias maculatus,Directa,Nabaes Jodar et al 2017,,,
Salmo trutta,Salmo trutta,Chilina sp.,Directa,Nabaes Jodar et al 2017,Chilina,Alta,
Salmo trutta,Salmo trutta,Big fish,Directa,Nabaes Jodar et al 2017,Percichthys trucha,Alta,
Salmo trutta,Salmo trutta,Detritus,Directa,Nabaes Jodar et al 2017,Detritus,Alta,
Salmo trutta,Salmo trutta,Rodents,Directa,Nabaes Jodar et al 2017,Roedores,Alta,
Salmo trutta,Salmoniforme,Hatcheria macraei,Directa,Valdez Ovallez et al 2023,Hatcheria macraei,Media,"El reporte refiere a un depredador Salmoniforme, probablemente S. trutta o Salvevinus fontinalis, pero no identificado"
Salmo trutta,Salmo trutta,Insect larvae and pupae,Modelada,Juncos et al 2013,Insecta_larvae,Alta,
Salmo trutta,Salmo trutta,Samastacus sp.,Modelada,Juncos et al 2013,Cyrtograpsus angulatus,Baja,
Salmo trutta,Salmo trutta,Aegla,Modelada,Juncos et al 2013,Aegla neuquensis,Alta,
Salmo trutta,Salmo trutta,Galaxias maculatus,Modelada,Juncos et al 2013,Odontesthes hatcheri_juvenile,Baja,
Salmo trutta,Salmo trutta,Diptera,Directa,Ortiz-Sandoval et al 2016,Insecta_larvae,Alta,
Salmo trutta,Salmo trutta,Trichoptera,Directa,Ortiz-Sandoval et al 2016,Insecta_larvae,Alta,
Salmo trutta,Salmo trutta,Ephemeroptera,Directa,Ortiz-Sandoval et al 2016,Insecta_larvae,Alta,
Salmo trutta,Salmo trutta,Plecoptera,Directa,Ortiz-Sandoval et al 2016,Insecta_larvae,Alta,
Salmo trutta,Salmo trutta,Gastropoda,Directa,Ortiz-Sandoval et al 2016,Chilina,Media,
Salmo trutta,Salmo trutta,Aegla sp.,Directa,Ortiz-Sandoval et al 2016,Aegla neuquensis,Media,
Salmo trutta,Salmo trutta,Odonata,Directa,Ortiz-Sandoval et al 2016,Insecta_larvae,Alta,
Salmo trutta,Salmo trutta,Hyalella sp.,Directa,Ortiz-Sandoval et al 2016,Amphipoda,Alta,
Salmo trutta,Salmo trutta,Fishes,Directa,Ortiz-Sandoval et al 2016,,,
Salmo trutta,Salmo trutta,Terrestrial,Directa,Ortiz-Sandoval et al 2016,Insecta_terrestrial adult,Baja,
Salmo trutta,Salmo trutta,Fish,Directa,Tagliaferro et al 2020,,,
Salmo trutta,Salmo trutta,Collector-feeder,Directa,Tagliaferro et al 2020,,,
Salmo trutta,Salmo trutta,Shredder-scraper,Directa,Tagliaferro et al 2020,,,
Puma,Puma concolor,Myocastor coypus,Directa,Rau & Jimenez 2002,Myocastor coypus,Alta,
Zorro,Lycalopex culpaeus,Myocastor coypus,Especialista,Woods et al 1992,Myocastor coypus,Media,
Aves_cazadoras,Strix aluco,Myocastor coypus,Especialista,Woods et al 1992,Myocastor coypus,Media,
Aves_cazadoras,Circus aeruginosus,Myocastor coypus,Especialista,Woods et al 1992,Myocastor coypus,Media,
Aves_cazadoras,Buteo lineatus,Myocastor coypus,Especialista,Woods et al 1992,Myocastor coypus,Media,
Gato montes,Leopardus geoffroyi,Myocastor coypus,Especialista,Woods et al 1992,Myocastor coypus,Media,
Comadreja,Mustela erminea,Myocastor coypus,Especialista,Woods et al 1992,Myocastor coypus,Media,